movie_title,original_title,type,description,content_rating,genres
The Shawshank Redemption,The Shawshank Redemption,movie,A wrongfully convicted banker forms a close friendship with a hardened convict over a quarter century while retaining his humanity through simple acts of compassion.,R,"['Epic', 'Period Drama', 'Prison Drama', 'Psychological Drama', 'Drama']"
The Godfather,The Godfather,movie,The aging patriarch of an organized crime dynasty transfers control of his clandestine empire to his reluctant son.,R,"['Epic', 'Gangster', 'Psychological Drama', 'Tragedy', 'Crime', 'Drama']"
The Dark Knight,The Dark Knight,movie,"When a menace known as the Joker wreaks havoc and chaos on the people of Gotham, Batman, James Gordon and Harvey Dent must work together to put an end to the madness.",PG-13,"['DC', 'Action Epic', 'Epic', 'Psychological Drama', 'Psychological Thriller', 'Superhero', 'Crime', 'Thriller']"
The Godfather Part II,The Godfather Part II,movie,"The early life and career of Vito Corleone in 1920s New York City is portrayed, while his son, Michael, expands and tightens his grip on the family crime syndicate.",R,"['Epic', 'Gangster', 'Tragedy', 'Crime', 'Drama']"
12 Angry Men,12 Angry Men,movie,The jury in a New York City murder trial is frustrated by a single member whose skeptical caution forces them to more carefully consider the evidence before jumping to a hasty verdict.,Approved,"['Legal Drama', 'Psychological Drama', 'Crime', 'Drama']"
The Lord of the Rings: The Return of the King,The Lord of the Rings: The Return of the King,movie,Gandalf and Aragorn lead the World of Men against Sauron's army to draw his gaze from Frodo and Sam as they approach Mount Doom with the One Ring.,PG-13,"['Lord of the Rings', 'Action Epic', 'Adventure Epic', 'Epic', 'Fantasy Epic', 'Mountain Adventure', 'Quest', 'Sword & Sorcery', 'Tragedy', 'Adventure']"
Schindler's List,Schindler's List,movie,"In German-occupied Poland during World War II, industrialist Oskar Schindler gradually becomes concerned for his Jewish workforce after witnessing their persecution by the Nazis.",R,"['Docudrama', 'Epic', 'Historical Epic', 'Period Drama', 'Prison Drama', 'Psychological Drama', 'Tragedy', 'Biography', 'Drama', 'History']"
The Lord of the Rings: The Fellowship of the Ring,The Lord of the Rings: The Fellowship of the Ring,movie,A meek Hobbit from the Shire and eight companions set out on a journey to destroy the powerful One Ring and save Middle-earth from the Dark Lord Sauron.,PG-13,"['Lord of the Rings', 'Action Epic', 'Adventure Epic', 'Dark Fantasy', 'Epic', 'Fantasy Epic', 'Quest', 'Sword & Sorcery', 'Adventure', 'Drama']"
Pulp Fiction,Pulp Fiction,movie,"The lives of two mob hitmen, a boxer, a gangster and his wife, and a pair of diner bandits intertwine in four tales of violence and redemption.",R,"['Dark Comedy', 'Drug Crime', 'Gangster', 'Crime', 'Drama']"
"The Good, the Bad and the Ugly","Il buono, il brutto, il cattivo",movie,A bounty-hunting scam joins two men in an uneasy alliance against a third in a race to find a fortune in gold buried in a remote cemetery.,R,"['Action Epic', 'Adventure Epic', 'Dark Comedy', 'Desert Adventure', 'Epic', 'Period Drama', 'Quest', 'Spaghetti Western', 'Western Epic', 'Adventure']"
The Lord of the Rings: The Two Towers,The Lord of the Rings: The Two Towers,movie,"While Frodo and Sam edge closer to Mordor with the help of the shifty Gollum, the divided fellowship makes a stand against Sauron's new ally, Saruman, and his hordes of Isengard.",PG-13,"['Lord of the Rings', 'Action Epic', 'Adventure Epic', 'Dark Fantasy', 'Epic', 'Fantasy Epic', 'Quest', 'Sword & Sorcery', 'Adventure', 'Drama']"
Forrest Gump,Forrest Gump,movie,"The history of the United States from the 1950s to the '70s unfolds from the perspective of an Alabama man with an IQ of 75, who yearns to be reunited with his childhood sweetheart.",PG-13,"['Epic', 'Period Drama', 'Romantic Epic', 'Tragic Romance', 'Drama', 'Romance']"
Fight Club,Fight Club,movie,An insomniac office worker and a devil-may-care soap maker form an underground fight club that evolves into much more.,R,"['Dark Comedy', 'Psychological Drama', 'Psychological Thriller', 'Workplace Drama', 'Crime', 'Drama', 'Thriller']"
Inception,Inception,movie,"A thief who steals corporate secrets through the use of dream-sharing technology is given the inverse task of planting an idea into the mind of a CEO, but his tragic past may doom the project and his team to disaster.",PG-13,"['Action Epic', 'Adventure Epic', 'Epic', 'Psychological Thriller', 'Sci-Fi Epic', 'Adventure', 'Sci-Fi', 'Thriller']"
Star Wars: Episode V - The Empire Strikes Back,Star Wars: Episode V - The Empire Strikes Back,movie,"After the Empire overpowers the Rebel Alliance, Luke Skywalker begins training with Jedi Master Yoda, while Darth Vader and bounty hunter Boba Fett pursue his friends across the galaxy.",PG,"['Star Wars', 'Adventure Epic', 'Fantasy Epic', 'Sci-Fi Epic', 'Space Sci-Fi', 'Sword & Sorcery', 'Adventure', 'Fantasy', 'Sci-Fi']"
The Matrix,The Matrix,movie,A computer hacker discovers that his life is nothing more than an elaborate simulation run by an evil AI.,R,"['The Matrix', 'Action Epic', 'Artificial Intelligence', 'Cyberpunk', 'Dystopian Sci-Fi', 'Gun Fu', 'Martial Arts', 'Sci-Fi Epic', 'Action', 'Sci-Fi']"
Interstellar,Interstellar,movie,"In a dystopian future where Earth has become near-uninhabitable, a team of astronauts embark on a mission to find a new home for humanity.",PG-13,"['Adventure Epic', 'Epic', 'Psychological Drama', 'Quest', 'Sci-Fi Epic', 'Space Sci-Fi', 'Time Travel', 'Adventure', 'Drama', 'Sci-Fi']"
GoodFellas,GoodFellas,movie,"The story of Henry Hill and his life in the mafia, covering his relationship with his wife Karen and his mob partners Jimmy Conway and Tommy DeVito.",R,"['Docudrama', 'Gangster', 'True Crime', 'Biography', 'Crime', 'Drama']"
One Flew Over the Cuckoo's Nest,One Flew Over the Cuckoo's Nest,movie,"A rebellious convict is sent to a psychiatric hospital for evaluation in 1963 Oregon, and encourages his docile companions to take more control of their lives and defy the tyrannical head nurse.",R,"['Dark Comedy', 'Medical Drama', 'Psychological Drama', 'Drama']"
Seven,Se7en,movie,Two detectives try to track down a serial killer who chooses his victims based on the Seven Deadly Sins.,R,"['Cop Drama', 'Hard-boiled Detective', 'Police Procedural', 'Psychological Drama', 'Psychological Thriller', 'Serial Killer', 'Tragedy', 'Crime', 'Drama', 'Mystery']"
It's a Wonderful Life,It's a Wonderful Life,movie,An angel is sent from Heaven to help a desperately frustrated businessman see the value of his own life.,PG,"['Feel-Good Romance', 'Holiday Family', 'Holiday Romance', 'Psychological Drama', 'Supernatural Fantasy', 'Drama', 'Family', 'Fantasy', 'Holiday', 'Romance']"
The Silence of the Lambs,The Silence of the Lambs,movie,A young FBI cadet is aided by a manipulative cannibal killer in her pursuit of a madman who skins his victims.,R,"['Police Procedural', 'Psychological Drama', 'Psychological Horror', 'Psychological Thriller', 'Serial Killer', 'Crime', 'Drama', 'Horror', 'Thriller']"
Saving Private Ryan,Saving Private Ryan,movie,"Following the Normandy Landings, a group of U.S. soldiers go behind enemy lines to retrieve a paratrooper whose brothers have been killed in action.",R,"['Action Epic', 'Epic', 'Period Drama', 'Tragedy', 'War Epic', 'Drama', 'War']"
Seven Samurai,Shichinin no samurai,movie,"Farmers from a village exploited by bandits hire a veteran samurai for protection, and he gathers six other samurai to join him.",Not Rated,"['Japanese', 'Action Epic', 'Epic', 'Period Drama', 'Samurai', 'Action', 'Drama']"
The Green Mile,The Green Mile,movie,A death row guard learns that a gentle giant in his charge possesses a mysterious gift.,R,"['Period Drama', 'Prison Drama', 'Psychological Drama', 'Supernatural Fantasy', 'Tragedy', 'Crime', 'Drama', 'Fantasy', 'Mystery']"
City of God,Cidade de Deus,movie,"In the slums of Rio, two kids' paths diverge as one struggles to become a photographer and the other a kingpin.",R,"['Portuguese', 'Caper', 'Coming-of-Age', 'Epic', 'Gangster', 'Political Drama', 'Psychological Drama', 'Crime', 'Drama']"
Life Is Beautiful,La vita è bella,movie,"When an open-minded Jewish waiter and his son become victims of the Holocaust, he uses a perfect mixture of will, humor and imagination to protect his son from the dangers around their camp.",PG-13,"['Italian', 'Period Drama', 'Psychological Drama', 'Tragedy', 'Tragic Romance', 'Comedy', 'Drama', 'Romance', 'War']"
Terminator 2: Judgment Day,Terminator 2: Judgment Day,movie,"A cyborg from the future, identical to the one who failed to kill Sarah Connor, must now protect her ten-year-old son John from an even more advanced and powerful cyborg.",R,"['Terminator', 'Action Epic', 'Artificial Intelligence', 'Dark Comedy', 'Dystopian Sci-Fi', 'One-Person Army Action', 'Sci-Fi Epic', 'Time Travel', 'Action', 'Adventure']"
Back to the Future,Back to the Future,movie,"Marty McFly, a 17-year-old high school student, is accidentally sent 30 years into the past in a time-traveling DeLorean invented by his close friend, the maverick scientist Doc Brown.",PG,"['High-Concept Comedy', 'Teen Adventure', 'Teen Comedy', 'Time Travel', 'Urban Adventure', 'Adventure', 'Comedy', 'Sci-Fi']"
Star Wars: Episode IV - A New Hope,Star Wars,movie,"A farmboy joins forces with various allies to save their galaxy from the evil Empire's planet-destroying battle station, while also rescuing the princess leading the rebellion against them.",PG,"['Star Wars', 'Adventure Epic', 'Fantasy Epic', 'Quest', 'Sci-Fi Epic', 'Space Sci-Fi', 'Sword & Sorcery', 'Action', 'Adventure', 'Fantasy']"
Kill Bill: The Whole Bloody Affair,Kill Bill: The Whole Bloody Affair,movie,"A female assassin seeks revenge on her former lover and squad members, all of whom left her for dead.",Not Rated,"['Action Epic', 'Kung Fu', 'Martial Arts', 'One-Person Army Action', 'Action', 'Crime', 'Thriller']"
Spirited Away,Sen to Chihiro no kamikakushi,movie,"During her family's move to the suburbs, a sullen 10-year-old girl wanders into a world ruled by gods, witches and spirits, and where humans are changed into beasts.",PG,"['Japanese', 'Anime', 'Coming-of-Age', 'Fairy Tale', 'Hand-Drawn Animation', 'Supernatural Fantasy', 'Adventure', 'Animation', 'Family', 'Fantasy']"
Gladiator,Gladiator,movie,A former Roman General sets out to exact vengeance against the corrupt emperor who murdered his family and sent him into slavery.,R,"['Action Epic', 'Epic', 'Period Drama', 'Sword & Sandal', 'Action', 'Adventure', 'Drama']"
The Pianist,The Pianist,movie,"During WWII, acclaimed Polish musician Wladyslaw faces various struggles as he loses contact with his family. As the situation worsens, he hides in the ruins of Warsaw in order to survive.",R,"['Docudrama', 'Epic', 'Period Drama', 'Psychological Drama', 'Tragedy', 'War Epic', 'Biography', 'Drama', 'Music', 'War']"
Parasite,Gisaengchung,movie,Greed and class discrimination threaten the newly formed symbiotic relationship between the wealthy Park family and the destitute Kim clan.,R,"['Korean', 'Dark Comedy', 'Psychological Drama', 'Psychological Thriller', 'Drama', 'Thriller']"
Grave of the Fireflies,Hotaru no haka,movie,A young boy and his little sister struggle to survive in Japan during World War II.,Not Rated,"['Japanese', 'Adult Animation', 'Anime', 'Hand-Drawn Animation', 'Period Drama', 'Psychological Drama', 'Tragedy', 'Animation', 'Drama', 'War']"
Psycho,Psycho,movie,A secretary on the run for embezzlement takes refuge at a secluded California motel owned by a repressed man and his overbearing mother.,R,"['Dark Comedy', 'Psychological Horror', 'Psychological Thriller', 'Slasher Horror', 'Suspense Mystery', 'Drama', 'Horror', 'Mystery', 'Thriller']"
The Lion King,The Lion King,movie,"Lion prince Simba and his father are targeted by his bitter uncle, who wants to ascend the throne himself.",G,"['Adventure Epic', 'Animal Adventure', 'Coming-of-Age', 'Hand-Drawn Animation', 'Jungle Adventure', 'Adventure', 'Animation', 'Drama', 'Family', 'Musical']"
Harakiri,Seppuku,movie,"When a ronin requesting seppuku at a feudal lord's palace is told of the brutal suicide of another ronin who previously visited, he reveals how their pasts are intertwined - and in doing so challenges the clan's integrity.",Not Rated,"['Japanese', 'Epic', 'Period Drama', 'Psychological Drama', 'Drama', 'Mystery']"
The Departed,The Departed,movie,An undercover cop and a mole in the police attempt to identify each other while infiltrating an Irish gang in South Boston.,R,"['Cop Drama', 'Epic', 'Gangster', 'Psychological Thriller', 'Crime', 'Drama', 'Thriller']"
Whiplash,Whiplash,movie,A promising young drummer enrolls at a cut-throat music conservatory where his dreams of greatness are mentored by an instructor who will stop at nothing to realize a student's potential.,R,"['Psychological Drama', 'Drama', 'Music']"
The Prestige,The Prestige,movie,"Two magicians dismantle their lives to outmaneuver each other following a shared tragedy. They chase the ultimate illusion across Victorian London, sacrificing sanity and safety to master a teleportation feat that defies all logic.",PG-13,"['Period Drama', 'Steampunk', 'Drama', 'Mystery', 'Sci-Fi', 'Thriller']"
American History X,American History X,movie,A neo-Nazi is released from prison a changed man and hopes to prevent his younger brother from following in his footsteps.,R,"['Gangster', 'Political Drama', 'Prison Drama', 'Psychological Drama', 'Tragedy', 'Crime', 'Drama']"
Léon: The Professional,Léon,movie,"When her family is murdered by a group of corrupt officers led by the tyrannical Norman Stansfield, a young 12-year-old girl enlists the help of an Italian-American hitman to seek revenge.",R,"['Gangster', 'One-Person Army Action', 'Psychological Drama', 'Psychological Thriller', 'Tragedy', 'Action', 'Crime', 'Drama', 'Thriller']"
Spider-Man: Across the Spider-Verse,Spider-Man: Across the Spider-Verse,movie,"Traveling across the multiverse, Miles Morales meets a new team of Spider-People, made up of heroes from different dimensions. But when the heroes clash over how to deal with a new threat, Miles finds himself at a crossroads.",PG,"['Marvel', 'Action Epic', 'Adventure Epic', 'Coming-of-Age', 'Computer Animation', 'Dark Comedy', 'Epic', 'Fantasy Epic', 'Sci-Fi Epic', 'Superhero']"
Cinema Paradiso,Nuovo Cinema Paradiso,movie,"Salvatore, a famous film director, returns to his hometown for the funeral of the local theater's film projectionist, Alfredo. He reminisces about his life as a young boy falling in love with cinema.",PG,"['Italian', 'Coming-of-Age', 'Drama', 'Romance']"
Casablanca,Casablanca,movie,A cynical expatriate American cafe owner struggles to decide whether or not to help his former lover and her fugitive husband escape the Nazis in French Morocco.,PG,"['Psychological Drama', 'Drama', 'Romance', 'War']"
The Intouchables,Intouchables,movie,"After he becomes a quadriplegic from a paragliding accident, an aristocrat hires a young man from the projects to be his caregiver.",R,"['French', 'Buddy Comedy', 'Docudrama', 'Comedy', 'Drama']"
The Usual Suspects,The Usual Suspects,movie,The sole survivor of a pier shoot-out tells the story of how a notorious criminal influenced the events that began with five criminals meeting in a seemingly random police lineup.,R,"['Caper', 'Gangster', 'Heist', 'Psychological Drama', 'Psychological Thriller', 'Suspense Mystery', 'Whodunnit', 'Crime', 'Drama', 'Mystery']"
Django Unchained,Django Unchained,movie,"With the help of a German bounty-hunter, a freed slave sets out to rescue his wife from a brutal plantation owner in Mississippi.",R,"['Dark Comedy', 'Epic', 'One-Person Army Action', 'Period Drama', 'Western Epic', 'Drama', 'Western']"
Alien,Alien,movie,"After investigating a mysterious transmission of unknown origin, the crew of a commercial spacecraft encounters a deadly lifeform.",R,"['Alien', 'Alien Invasion', 'Cyberpunk', 'Monster Horror', 'Space Sci-Fi', 'Horror', 'Sci-Fi']"
Rear Window,Rear Window,movie,A bored photographer recovering from a broken leg passes the time by watching his neighbors and begins to suspect one of them of murder.,PG,"['Dark Comedy', 'Psychological Thriller', 'Suspense Mystery', 'Drama', 'Mystery', 'Thriller']"
Modern Times,Modern Times,movie,The Tramp struggles to live in modern industrial society with the help of a young homeless woman.,G,"['Romantic Comedy', 'Satire', 'Slapstick', 'Comedy', 'Drama', 'Romance']"
Once Upon a Time in the West,C'era una volta il West,movie,A mysterious stranger with a harmonica teams up with a notorious desperado to protect a beautiful widow and her land from a ruthless assassin in the employ of a railroad tycoon.,PG-13,"['Adventure Epic', 'Desert Adventure', 'Epic', 'Period Drama', 'Quest', 'Spaghetti Western', 'Western Epic', 'Drama', 'Western']"
City Lights,City Lights,movie,"With the aid of a wealthy erratic tippler, a dewy-eyed tramp who has fallen in love with a blind flower girl accumulates money to be able to help her medically.",G,"['Feel-Good Romance', 'Romantic Comedy', 'Satire', 'Slapstick', 'Comedy', 'Drama', 'Romance']"
WALL·E,WALL·E,movie,"In a future where humans have temporarily abandoned Earth, a trash-compacting robot falls in love with a flying droid and helps her on her quest to restore hope to mankind.",G,"['Adventure Epic', 'Artificial Intelligence', 'Computer Animation', 'Dystopian Sci-Fi', 'Epic', 'Psychological Drama', 'Sci-Fi Epic', 'Space Sci-Fi', 'Adventure', 'Animation']"
Apocalypse Now,Apocalypse Now,movie,A U.S. Army officer serving in Vietnam is tasked with assassinating a renegade Special Forces Colonel who sees himself as a god.,R,"['Adventure Epic', 'Epic', 'Hard-boiled Detective', 'Psychological Drama', 'Quest', 'Suspense Mystery', 'War Epic', 'Drama', 'Mystery', 'War']"
Memento,Memento,movie,A former insurance investigator who now suffers from anterograde amnesia uses notes and tattoos to hunt down his wife's murderer.,R,"['Psychological Thriller', 'Suspense Mystery', 'Mystery', 'Thriller']"
Dune: Part Two,Dune: Part Two,movie,"Paul Atreides unites with the Fremen while on a warpath of revenge against the conspirators who destroyed his family. Facing a choice between the love of his life and the fate of the universe, he endeavors to prevent a terrible future.",PG-13,"['Dune', 'Action Epic', 'Adventure Epic', 'Desert Adventure', 'Epic', 'Sci-Fi Epic', 'Space Sci-Fi', 'Action', 'Adventure', 'Drama']"
Avengers: Infinity War,Avengers: Infinity War,movie,The Avengers and their allies must be willing to sacrifice all in an attempt to defeat the powerful Thanos before his blitz of devastation and ruin puts an end to the universe.,PG-13,"['Marvel', 'Action Epic', 'Adventure Epic', 'Alien Invasion', 'Epic', 'Sci-Fi Epic', 'Space Sci-Fi', 'Superhero', 'Action', 'Adventure']"
Raiders of the Lost Ark,Raiders of the Lost Ark,movie,"In 1936, archaeologist Indiana Jones is tasked by Army Intelligence to help locate a legendary ancient power, the Ark of Covenant, before the Nazis get it first.",PG,"['Indiana Jones', 'Action Epic', 'Adventure Epic', 'Desert Adventure', 'Globetrotting Adventure', 'Quest', 'Adventure']"
Spider-Man: Into the Spider-Verse,Spider-Man: Into the Spider-Verse,movie,Teen Miles Morales becomes the Spider-Man of his universe and must join with five spider-powered individuals from other dimensions to stop a threat for all realities.,PG,"['Marvel', 'Action Epic', 'Adventure Epic', 'Coming-of-Age', 'Computer Animation', 'Dark Comedy', 'Epic', 'Fantasy Epic', 'Sci-Fi Epic', 'Superhero']"
The Lives of Others,Das Leben der Anderen,movie,"In 1984 East Berlin, an agent of the secret police conducting surveillance on a writer and his lover finds himself becoming increasingly absorbed by their lives.",R,"['German', 'Political Thriller', 'Psychological Drama', 'Spy', 'Drama', 'Mystery', 'Thriller']"
Sunset Boulevard,Sunset Blvd.,movie,A screenwriter develops a dangerous relationship with a faded film star determined to make a triumphant return.,Approved,"['Dark Comedy', 'Film Noir', 'Psychological Drama', 'Showbiz Drama', 'Tragedy', 'Drama']"
Witness for the Prosecution,Witness for the Prosecution,movie,A veteran British barrister must defend his client in a murder trial that has surprise after surprise.,Approved,"['Legal Drama', 'Legal Thriller', 'Whodunnit', 'Crime', 'Drama', 'Mystery', 'Thriller']"
Paths of Glory,Paths of Glory,movie,A colonel defends three of his soldiers in a court-martial after they abandon a suicidal attack.,Approved,"['Epic', 'Legal Drama', 'Period Drama', 'Political Drama', 'Psychological Drama', 'Tragedy', 'War Epic', 'Drama', 'War']"
The Shining,The Shining,movie,"A family heads to an isolated hotel for the winter, where a sinister presence influences the father into violence. At the same time, his psychic son sees horrifying forebodings from both the past and the future.",R,"['Psychological Drama', 'Psychological Horror', 'Supernatural Horror', 'Drama', 'Horror']"
The Great Dictator,The Great Dictator,movie,Dictator Adenoid Hynkel tries to expand his empire while a poor Jewish barber tries to avoid persecution from Hynkel's regime.,G,"['Dark Comedy', 'Parody', 'Political Drama', 'Satire', 'Slapstick', 'Comedy', 'Drama', 'War']"
Inglourious Basterds,Inglourious Basterds,movie,"In Nazi-occupied France during World War II, a plan to assassinate Nazi leaders by a group of Jewish U.S. soldiers coincides with a theatre owner's vengeful plans for the same.",R,"['Dark Comedy', 'Epic', 'Period Drama', 'War Epic', 'Drama', 'War']"
Aliens,Aliens,movie,"Decades after surviving the Nostromo incident, Ellen Ripley is sent out to re-establish contact with a terraforming colony but finds herself battling the Alien Queen and her offspring.",R,"['Alien', 'Alien Invasion', 'Cyberpunk', 'Monster Horror', 'Space Sci-Fi', 'Survival', 'Action', 'Adventure', 'Horror', 'Sci-Fi']"
12th Fail,12th Fail,movie,The real-life story of IPS Officer Manoj Kumar Sharma and IRS Officer Shraddha Joshi.,,"['Hindi', 'Docudrama', 'Biography', 'Drama']"
High and Low,Tengoku to jigoku,movie,An executive of a Yokohama shoe company becomes a victim of extortion when his chauffeur's son is kidnapped by mistake and held for ransom.,Not Rated,"['Japanese', 'Police Procedural', 'Psychological Thriller', 'Crime', 'Drama', 'Mystery', 'Thriller']"
Avengers: Endgame,Avengers: Endgame,movie,"After the devastating events of Avengers: Infinity War (2018), the universe is in ruins. With the help of remaining allies, the Avengers assemble once more in order to reverse Thanos' actions and restore balance to the universe.",PG-13,"['Marvel', 'Action Epic', 'Adventure Epic', 'Epic', 'Sci-Fi Epic', 'Space Sci-Fi', 'Superhero', 'Time Travel', 'Action', 'Adventure']"
Good Will Hunting,Good Will Hunting,movie,"A therapist counsels Will Hunting, a janitor with a genius IQ.",R,"['Coming-of-Age', 'Psychological Drama', 'Drama', 'Romance']"
The Dark Knight Rises,The Dark Knight Rises,movie,"Bane, an imposing terrorist, attacks Gotham City and disrupts its eight-year-long period of peace. This forces Bruce Wayne to come out of hiding and don the cape and cowl of Batman again.",PG-13,"['DC', 'Action Epic', 'Epic', 'Psychological Drama', 'Superhero', 'Crime', 'Thriller']"
Coco,Coco,movie,"Aspiring musician Miguel, confronted with his family's ancestral ban on music, enters the Land of the Dead to find his great-great-grandfather, a legendary singer.",PG,"['Adventure Epic', 'Computer Animation', 'Dark Comedy', 'Epic', 'Fantasy Epic', 'Psychological Drama', 'Supernatural Fantasy', 'Adventure', 'Animation', 'Drama']"
Amadeus,Amadeus,movie,"In 18th-century Vienna, court composer Antonio Salieri becomes awed and consumed by envy when the gifted, irreverent Wolfgang Amadeus Mozart bursts onto the imperial music scene.",PG,"['Costume Drama', 'Epic', 'Period Drama', 'Psychological Drama', 'Tragedy', 'Biography', 'Drama', 'Music']"
Toy Story,Toy Story,movie,"A cowboy doll is profoundly jealous when a new spaceman action figure supplants him as the top toy in a boy's bedroom. When circumstances separate them from their owner, the duo have to put aside their differences to return to him.",G,"['Toy Story', 'Buddy Comedy', 'Computer Animation', 'Urban Adventure', 'Adventure', 'Animation', 'Comedy', 'Family', 'Fantasy']"
Your Name.,Kimi no na wa.,movie,"Two teenagers, a city boy in Tokyo and a girl in rural Japan, mysteriously begin swapping bodies, forging a connection that sends them searching for one another.",,"['Japanese', 'Anime', 'Hand-Drawn Animation', 'Psychological Drama', 'Shōjo', 'Animation', 'Drama', 'Fantasy', 'Romance']"
Das Boot,Das Boot,movie,"During World War II, a German U-boat crew embarks on a perilous Atlantic patrol, confronting enemy attacks, isolation, and the crushing strain of life underwater.",,"['German', 'Epic', 'Period Drama', 'Psychological Drama', 'Survival', 'War Epic', 'Drama', 'War']"
Braveheart,Braveheart,movie,Scottish warrior William Wallace leads his countrymen in a rebellion to free his homeland from the tyranny of King Edward I of England.,R,"['Action Epic', 'Costume Drama', 'Epic', 'Period Drama', 'War Epic', 'Drama', 'War']"
Princess Mononoke,Mononoke-hime,movie,"After a deadly curse forces him from home, young warrior Ashitaka journeys west and is drawn into a conflict between ancient forest spirits, an iron town, and a wolf-raised girl.",PG-13,"['Japanese', 'Action Epic', 'Adult Animation', 'Adventure Epic', 'Anime', 'Dark Fantasy', 'Epic', 'Fantasy Epic', 'Hand-Drawn Animation', 'Quest']"
Oldboy,Oldeuboi,movie,"After being kidnapped and imprisoned for fifteen years, Oh Dae-Su is released, only to find that he must track down his captor in five days.",R,"['Korean', 'One-Person Army Action', 'Psychological Drama', 'Psychological Thriller', 'Suspense Mystery', 'Action', 'Drama', 'Mystery', 'Thriller']"
3 Idiots,3 Idiots,movie,"Two friends search for a brilliant, free-spirited classmate whose unconventional approach to engineering school changed their lives and challenged a rigid education system.",PG-13,"['Hindi', 'Buddy Comedy', 'Coming-of-Age', 'Parody', 'Quirky Comedy', 'Satire', 'Comedy', 'Drama']"
Dr. Strangelove or: How I Learned to Stop Worrying and Love the Bomb,Dr. Strangelove or: How I Learned to Stop Worrying and Love the Bomb,movie,"When a rogue U.S. general orders an unauthorized nuclear attack on the Soviet Union, leaders in the War Room race to prevent global catastrophe.",PG,"['Dark Comedy', 'Farce', 'Parody', 'Political Drama', 'Psychological Drama', 'Quirky Comedy', 'Satire', 'Tragedy', 'Comedy', 'War']"
American Beauty,American Beauty,movie,A sexually frustrated suburban father has a mid-life crisis after becoming infatuated with his daughter's best friend.,R,"['Dark Comedy', 'Psychological Drama', 'Drama']"
Capernaum,Capharnaüm,movie,"While serving a five-year sentence for a violent crime, a 12-year-old boy sues his parents for neglect.",R,"['Arabic', 'Coming-of-Age', 'Legal Drama', 'Psychological Drama', 'Drama']"
Singin' in the Rain,Singin' in the Rain,movie,"When Hollywood's silent era gives way to talkies, a dashing screen idol and a gifted newcomer navigate romance, rivalry, and the comic chaos of reinventing the movies.",G,"['Classic Musical', 'Feel-Good Romance', 'Jukebox Musical', 'Romantic Comedy', 'Satire', 'Slapstick', 'Comedy', 'Musical', 'Romance']"
Joker,Joker,movie,"Arthur Fleck, a party clown and a failed stand-up comedian, leads an impoverished life with his ailing mother. However, when society shuns him and brands him as a freak, he decides to embrace the life of chaos in Gotham City.",R,"['DC', 'Period Drama', 'Psychological Drama', 'Tragedy', 'Drama']"
Once Upon a Time in America,C'era una volta in America,movie,"A former New York gangster returns after decades in exile, confronting the friendships, dreams, and regrets that shaped his rise from street kid to Prohibition-era mobster.",R,"['Dark Comedy', 'Epic', 'Gangster', 'Period Drama', 'Crime', 'Drama']"
Toy Story 3,Toy Story 3,movie,"As Andy prepares to leave for college, Woody, Buzz and the gang face an uncertain future when a mix-up sends them to a daycare center full of new toys.",G,"['Toy Story', 'Computer Animation', 'Urban Adventure', 'Adventure', 'Animation', 'Comedy', 'Family', 'Fantasy']"
Star Wars: Episode VI - Return of the Jedi,Star Wars: Episode VI - Return of the Jedi,movie,"After rescuing Han Solo from Jabba the Hutt, the Rebel Alliance attempts to destroy the second Death Star while Luke struggles to help Darth Vader back from the dark side.",PG,"['Star Wars', 'Action Epic', 'Adventure Epic', 'Fantasy Epic', 'Sci-Fi Epic', 'Space Sci-Fi', 'Sword & Sorcery', 'Action', 'Adventure', 'Fantasy']"
Come and See,Idi i smotri,movie,"After finding a rifle, a Belarusian teenager joins Soviet partisans in World War II and is swept into the harrowing realities of Nazi occupation.",Not Rated,"['Russian', 'Epic', 'Period Drama', 'Psychological Drama', 'Psychological Thriller', 'Survival', 'Tragedy', 'War Epic', 'Drama', 'Thriller']"
Requiem for a Dream,Requiem for a Dream,movie,"Four Coney Island dreamers chase love, fame, and escape, but addiction and obsession begin to distort their hopes for a better life.",NC-17,"['Epic', 'Psychological Drama', 'Tragedy', 'Drama']"
Ikiru,Ikiru,movie,"An aging Tokyo bureaucrat, shaken by a grave diagnosis, breaks from his hollow routine and searches for meaning, connection, and one worthwhile act.",Not Rated,"['Japanese', 'Psychological Drama', 'Tragedy', 'Drama']"
The Hunt,Jagten,movie,"A teacher lives a lonely life, all the while struggling over his son's custody. His life slowly gets better as he finds love and receives good news from his son, but his new luck is about to be brutally shattered by an innocent little lie.",R,"['Danish', 'Psychological Drama', 'Tragedy', 'Drama']"
Incendies,Incendies,movie,Twins journey to the Middle East to discover their family history and fulfill their mother's last wishes.,R,"['French', 'Psychological Drama', 'Suspense Mystery', 'Drama', 'Mystery', 'War']"
Eternal Sunshine of the Spotless Mind,Eternal Sunshine of the Spotless Mind,movie,"When their relationship turns sour, a couple undergoes a medical procedure to have each other erased from their memories forever.",R,"['Dark Romance', 'Epic', 'Psychological Drama', 'Romantic Epic', 'Sci-Fi Epic', 'Drama', 'Romance', 'Sci-Fi']"
The Apartment,The Apartment,movie,"A Manhattan insurance clerk tries to rise in his company by letting its executives use his apartment for trysts, but office politics and his own romantic hopes complicate matters.",Approved,"['Dark Comedy', 'Farce', 'Feel-Good Romance', 'Holiday Comedy', 'Holiday Romance', 'Psychological Drama', 'Quirky Comedy', 'Romantic Comedy', 'Satire', 'Workplace Drama']"
Lawrence of Arabia,Lawrence of Arabia,movie,"The story of T.E. Lawrence, the English officer who successfully united and led the diverse, often warring, Arab tribes during World War I in order to fight the Turks.",Approved,"['Adventure Epic', 'Desert Adventure', 'Epic', 'Tragedy', 'War Epic', 'Adventure', 'Biography', 'Drama', 'War']"
Heat,Heat,movie,A group of high-end professional thieves start to feel the heat from the LAPD when they unknowingly leave a verbal clue at their latest heist.,R,"['Action Epic', 'Cop Drama', 'Epic', 'Gangster', 'Heist', 'Police Procedural', 'Psychological Drama', 'True Crime', 'Action', 'Crime']"
Scarface,Scarface,movie,"In the 1980s, a determined criminal-minded Cuban immigrant becomes the biggest drug smuggler in Miami, and is eventually undone by his own drug addiction.",R,"['Drug Crime', 'Epic', 'Gangster', 'Crime', 'Drama']"
Reservoir Dogs,Reservoir Dogs,movie,"When a simple jewelry heist goes horribly wrong, the surviving criminals begin to suspect that one of them is a police informant.",R,"['Gangster', 'Heist', 'Psychological Thriller', 'Crime', 'Thriller']"
2001: A Space Odyssey,2001: A Space Odyssey,movie,"When a mysterious artifact is uncovered on the Moon, a spacecraft manned by two humans and one supercomputer is sent to Jupiter to find its origins.",G,"['Adventure Epic', 'Artificial Intelligence', 'Epic', 'Psychological Drama', 'Sci-Fi Epic', 'Space Sci-Fi', 'Adventure', 'Sci-Fi']"
Up,Up,movie,A grumpy old man turns his house into an airship using balloons and flies off to South America with a young stowaway.,PG,"['Adventure Epic', 'Buddy Comedy', 'Coming-of-Age', 'Computer Animation', 'Epic', 'Globetrotting Adventure', 'High-Concept Comedy', 'Psychological Drama', 'Quest', 'Adventure']"
Double Indemnity,Double Indemnity,movie,"An insurance representative is seduced by a dissatisfied housewife into a scheme of insurance fraud and murder that arouses the suspicion of his colleague, a claims investigator.",Approved,"['Film Noir', 'Hard-boiled Detective', 'Crime', 'Drama', 'Mystery', 'Thriller']"
North by Northwest,North by Northwest,movie,"A New York City advertising executive goes on the run after being mistaken for a government agent by a group of foreign spies, and falls for a woman whose loyalties he begins to doubt.",Approved,"['Spy', 'Adventure', 'Drama', 'Mystery', 'Thriller']"
Like Stars on Earth,Taare Zameen Par,movie,A young boy is thought to be nothing but a lazy troublemaker until the new art teacher has the patience and compassion to discover the real problem behind his struggles in school.,PG,"['Hindi', 'Coming-of-Age', 'Psychological Drama', 'Drama', 'Family']"
Full Metal Jacket,Full Metal Jacket,movie,A pragmatic U.S. Marine observes the dehumanizing effects the Vietnam War has on his fellow recruits from their brutal boot camp training to the bloody street fighting in Hue.,R,"['Dark Comedy', 'Period Drama', 'Psychological Drama', 'Drama', 'War']"
M,M - Eine Stadt sucht einen Mörder,movie,"When the police in a German city are unable to catch a child-murderer, other criminals join in the manhunt.",Passed,"['German', 'Psychological Thriller', 'Serial Killer', 'Suspense Mystery', 'Crime', 'Mystery', 'Thriller']"
A Separation,Jodaeiye Nader az Simin,movie,A married couple have to decide whether to improve their daughter's life by moving abroad or to stay in Iran and look after a deteriorating parent with Alzheimer's disease.,PG-13,"['Persian', 'Legal Drama', 'Psychological Drama', 'Drama']"
Amélie,Le Fabuleux Destin d'Amélie Poulain,movie,"Despite being caught in her imaginative world, young waitress Amelie decides to help people find happiness. Her quest to spread joy leads her on a journey during which she finds true love.",R,"['French', 'Feel-Good Romance', 'Quirky Comedy', 'Romantic Comedy', 'Comedy', 'Romance']"
Vertigo,Vertigo,movie,"A former San Francisco police detective juggles wrestling with his personal demons and becoming obsessed with the hauntingly beautiful woman he has been hired to trail, who may be deeply disturbed.",PG,"['Conspiracy Thriller', 'Dark Romance', 'Psychological Thriller', 'Suspense Mystery', 'Tragedy', 'Tragic Romance', 'Mystery', 'Romance', 'Thriller']"
Citizen Kane,Citizen Kane,movie,"Following the death of publishing tycoon Charles Foster Kane, reporters scramble to uncover the meaning of his final utterance: 'Rosebud.'",PG,"['Epic', 'Period Drama', 'Psychological Drama', 'Tragedy', 'Drama', 'Mystery']"
Die Hard,Die Hard,movie,A New York City cop tries to save his wife and several others taken hostage by terrorists during a Christmas party in a Los Angeles skyscraper.,R,"['Dark Comedy', 'Disaster', 'One-Person Army Action', 'Action', 'Holiday', 'Thriller']"
To Kill a Mockingbird,To Kill a Mockingbird,movie,A widowed lawyer in Depression-era Alabama defends a black man against a false rape charge while teaching his young children about the sad reality of prejudice.,Approved,"['Legal Drama', 'Period Drama', 'Psychological Drama', 'Crime', 'Drama']"
Indiana Jones and the Last Crusade,Indiana Jones and the Last Crusade,movie,"In 1938, after his father goes missing while pursuing the Holy Grail, Indiana Jones finds himself up against the Nazis again to stop them from obtaining its powers.",PG-13,"['Indiana Jones', 'Action Epic', 'Adventure Epic', 'Desert Adventure', 'Globetrotting Adventure', 'Quest', 'Adventure']"
The Sting,The Sting,movie,Two grifters team up to pull off the ultimate con.,PG,"['Caper', 'Gangster', 'Period Drama', 'Comedy', 'Crime', 'Drama']"
I Swear,I Swear,movie,"John Davidson: diagnosed with Tourette's syndrome at a young age which alienated him from his peers, he struggled with a condition few people had witnessed.",R,"['Dark Comedy', 'Docudrama', 'Biography', 'Drama']"
A Clockwork Orange,A Clockwork Orange,movie,Alex DeLarge and his droogs barbarize a decaying near-future.,R,"['Dark Comedy', 'Dystopian Sci-Fi', 'Crime', 'Sci-Fi']"
Metropolis,Metropolis,movie,"In a futuristic city sharply divided between the working class and the city planners, the son of the city's mastermind falls in love with a working-class prophet who predicts the coming of a savior to mediate their differences.",Passed,"['German', 'Artificial Intelligence', 'Epic', 'Sci-Fi Epic', 'Steampunk', 'Drama', 'Sci-Fi']"
1917,1917,movie,"April 6th, 1917. As an infantry battalion assembles to wage war deep in enemy territory, two soldiers are assigned to race against time and deliver a message that will stop 1,600 men from walking straight into a deadly trap.",R,"['Epic', 'Period Drama', 'Survival', 'War Epic', 'Drama', 'War']"
Snatch,Snatch,movie,"Unscrupulous boxing promoters, violent bookmakers, a Russian gangster, incompetent amateur robbers and supposedly Jewish jewelers fight to track down a priceless stolen diamond.",R,"['Caper', 'Dark Comedy', 'Farce', 'Gangster', 'Comedy', 'Crime']"
The Wolf of Wall Street,The Wolf of Wall Street,movie,"Based on the true story of Jordan Belfort, from his rise to a wealthy stock-broker living the high life to his fall involving crime, corruption and the federal government.",R,"['Dark Comedy', 'Docudrama', 'Epic', 'Financial Drama', 'Raunchy Comedy', 'Satire', 'True Crime', 'Workplace Drama', 'Biography', 'Comedy']"
The Truman Show,The Truman Show,movie,An insurance salesman begins to suspect that his whole life is actually some sort of reality TV show.,PG,"['Dark Comedy', 'High-Concept Comedy', 'Psychological Drama', 'Satire', 'Showbiz Drama', 'Comedy', 'Drama']"
Downfall,Der Untergang,movie,"Traudl Junge, the final secretary for Adolf Hitler, tells of the Nazi dictator's final days in his Berlin bunker at the end of WWII.",R,"['German', 'Docudrama', 'Period Drama', 'Political Drama', 'Psychological Drama', 'Tragedy', 'Biography', 'Drama', 'History', 'War']"
L.A. Confidential,L.A. Confidential,movie,"As corruption grows in 1950s Los Angeles, three policemen - one strait-laced, one brutal, and one sleazy - investigate a series of murders with their own brand of justice.",R,"['Conspiracy Thriller', 'Cop Drama', 'Epic', 'Hard-boiled Detective', 'Period Drama', 'Police Procedural', 'Suspense Mystery', 'Whodunnit', 'Crime', 'Drama']"
Dangal,Dangal,movie,"Mahavir Singh Phogat, a former wrestler, decides to fulfill his dream of winning a gold medal for his country by training his daughters for the Commonwealth Games despite the existing social stigmas.",Not Rated,"['Hindi', 'Coming-of-Age', 'Martial Arts', 'Action', 'Biography', 'Drama', 'Sport']"
Shutter Island,Shutter Island,movie,Two US marshals are sent to a mental institution on an inhospitable island in order to investigate the disappearance of a patient.,R,"['Psychological Thriller', 'Suspense Mystery', 'Drama', 'Mystery', 'Thriller']"
Bicycle Thieves,Ladri di biciclette,movie,"In post-war Italy, a working-class man's bicycle is stolen, endangering his efforts to find work. He and his son set out to find it.",Not Rated,"['Italian', 'Financial Drama', 'Psychological Drama', 'Quest', 'Tragedy', 'Drama']"
Green Book,Green Book,movie,A working-class Italian-American bouncer becomes the driver for an African-American classical pianist on a tour of venues through the 1960s American South.,PG-13,"['Docudrama', 'Period Drama', 'Road Trip', 'Biography', 'Comedy', 'Drama', 'Holiday', 'Music']"
Attack on Titan: The Last Attack,Shingeki no Kyojin: The Last Attack,movie,"The fate of the world hangs in the balance as Eren unleashes the ultimate power of the Titans. With a burning determination to eliminate all who threaten Eldia, he leads an unstoppable army of Colossal Titans towards Marley.",,"['Japanese', 'Action Epic', 'Adult Animation', 'Adventure Epic', 'Anime', 'Body Horror', 'Hand-Drawn Animation', 'Shōnen', 'Action', 'Adventure']"
Oppenheimer,Oppenheimer,movie,"A dramatization of the life story of J. Robert Oppenheimer, the physicist who had a large hand in the development of the atomic bombs that brought an end to World War II.",R,"['Docudrama', 'Epic', 'Historical Epic', 'Period Drama', 'Psychological Drama', 'Biography', 'Drama', 'History']"
Judgment at Nuremberg,Judgment at Nuremberg,movie,"Fictionalized depiction of the 1947 Judges' Trial, the third of 12 trials of Nazi war criminals conducted by the American occupying forces in Nuremberg, Germany, in which former judges of Nazi Germany were tried for their actions.",Approved,"['Epic', 'Historical Epic', 'Legal Drama', 'Psychological Drama', 'Drama', 'History', 'War']"
Batman Begins,Batman Begins,movie,"After witnessing his parents' death, billionaire Bruce Wayne learns the art of fighting to confront injustice. When he returns to Gotham as Batman, he must stop a secret society that intends to destroy the city.",PG-13,"['DC', 'Action Epic', 'Epic', 'Psychological Drama', 'Superhero', 'Crime']"
Jurassic Park,Jurassic Park,movie,"An industrialist invites some experts to visit his theme park of cloned dinosaurs. After a power failure, the creatures run loose, putting everyone's lives, including his grandchildren's, in danger.",PG-13,"['Jurassic Park', 'Dinosaur Adventure', 'Jungle Adventure', 'Adventure', 'Sci-Fi']"
Project Hail Mary,Project Hail Mary,movie,"A science teacher wakes up alone on a spaceship. As his memory returns, he uncovers a mission to stop a mysterious substance killing Earth's sun, and realizes that an unexpected friendship may be the key.",PG-13,"['Adventure Epic', 'Buddy Comedy', 'Dark Comedy', 'Epic', 'Sci-Fi Epic', 'Space Sci-Fi', 'Adventure', 'Comedy', 'Drama', 'Sci-Fi']"
Hamilton,Hamilton,movie,"The real life of one of America's foremost founding fathers and first Secretary of the Treasury, Alexander Hamilton. Captured live on Broadway from the Richard Rodgers Theater with the original Broadway cast.",PG-13,"['Epic', 'Historical Epic', 'Biography', 'Drama', 'History', 'Musical']"
For a Few Dollars More,Per qualche dollaro in più,movie,Two bounty killers with similar intentions but different motivations team up to take down a psychotic Mexican outlaw before he and his gang can carry out an audacious bank robbery.,R,"['Period Drama', 'Quest', 'Spaghetti Western', 'Drama', 'Western']"
Taxi Driver,Taxi Driver,movie,"A mentally unstable veteran works as a nighttime taxi driver in New York City, where the perceived decadence and sleaze fuels his urge for violent action.",R,"['Psychological Drama', 'Crime', 'Drama']"
Some Like It Hot,Some Like It Hot,movie,"After two male musicians witness a mob hit, they flee the state in an all-female band disguised as women, but further complications set in.",Approved,"['Buddy Comedy', 'Farce', 'Romantic Comedy', 'Satire', 'Screwball Comedy', 'Comedy', 'Music', 'Romance']"
There Will Be Blood,There Will Be Blood,movie,"A story of family, religion, hatred, oil and madness, focusing on a turn-of-the-century prospector in the early days of the business.",R,"['Epic', 'Period Drama', 'Psychological Drama', 'Tragedy', 'Drama']"
The Father,The Father,movie,"A man refuses all assistance from his daughter as he ages. When he tries to understand what is happening around him, he begins to doubt his loved ones, his own mind and even the fabric of his reality.",PG-13,"['Psychological Drama', 'Drama', 'Mystery']"
The Kid,The Kid,movie,"The Tramp cares for an abandoned child, but events put their relationship in jeopardy.",Passed,"['Buddy Comedy', 'Coming-of-Age', 'Farce', 'Slapstick', 'Tragedy', 'Comedy', 'Drama', 'Family']"
All About Eve,All About Eve,movie,A seemingly timid but secretly ruthless ingénue insinuates herself into the lives of an aging Broadway star and her circle of theater friends.,Approved,"['Showbiz Drama', 'Drama']"
The Sixth Sense,The Sixth Sense,movie,"After being shot by a resentful former patient whom he failed to help, a Philadelphia child psychologist seeks redemption by treating a young boy with a disturbing secret.",PG-13,"['Psychological Drama', 'Psychological Thriller', 'Suspense Mystery', 'Drama', 'Mystery', 'Thriller']"
Ran,Ran,movie,"In Medieval Japan, an elderly warlord retires, handing over his empire to his three sons. However, he vastly underestimates how the new-found power will corrupt them and cause them to turn on each other...and him.",R,"['Japanese', 'Epic', 'Period Drama', 'Samurai', 'Tragedy', 'War Epic', 'Action', 'Drama', 'War']"
Casino,Casino,movie,"In Las Vegas, two best friends--a casino executive and a Mafia enforcer--compete for a gambling empire and a fast-living, fast-loving socialite.",R,"['Docudrama', 'Epic', 'Gangster', 'Period Drama', 'True Crime', 'Crime', 'Drama']"
The Thing,The Thing,movie,A research team in Antarctica is hunted by a shape-shifting alien that assumes the appearance of its victims.,R,"['Alien Invasion', 'Body Horror', 'Monster Horror', 'Psychological Horror', 'Splatter Horror', 'Supernatural Horror', 'Suspense Mystery', 'Tragedy', 'Horror', 'Mystery']"
No Country for Old Men,No Country for Old Men,movie,Violence and mayhem ensue after a hunter stumbles upon the aftermath of a drug deal gone wrong and over two million dollars in cash near the Rio Grande.,R,"['Contemporary Western', 'Psychological Thriller', 'Serial Killer', 'Crime', 'Drama', 'Thriller']"
Prisoners,Prisoners,movie,A desperate father takes the law into his own hands after police fail to find two kidnapped girls.,R,"['Psychological Drama', 'Psychological Thriller', 'Suspense Mystery', 'Crime', 'Drama', 'Mystery', 'Thriller']"
Top Gun: Maverick,Top Gun: Maverick,movie,"The story involves Maverick confronting his past while training a group of younger Top Gun graduates, including the son of his deceased best friend, for a dangerous mission.",PG-13,"['Action Epic', 'Adventure Epic', 'Epic', 'Action', 'Drama']"
Kill Bill: Vol. 1,Kill Bill: Vol. 1,movie,"After waking from a four-year coma, a former assassin wreaks vengeance on the team of assassins who betrayed her.",R,"['Kung Fu', 'Martial Arts', 'One-Person Army Action', 'Action', 'Crime', 'Thriller']"
Pan's Labyrinth,El laberinto del fauno,movie,"In 1944 Francoist Spain, an imaginative young girl meets a faun who tells her she's a princess and that she must prove her worthiness by completing three dangerous tasks.",R,"['Spanish', 'Coming-of-Age', 'Dark Fantasy', 'Fairy Tale', 'Period Drama', 'Supernatural Fantasy', 'Teen Fantasy', 'Tragedy', 'Drama', 'Fantasy']"
Unforgiven,Unforgiven,movie,"Retired Old West gunslinger Will Munny reluctantly takes on one last job to avenge an injustice with the help of his old partner and a young would-be gunman calling himself ""The Schofield Kid"".",R,"['Classical Western', 'Period Drama', 'Psychological Drama', 'Tragedy', 'Western Epic', 'Drama', 'Western']"
A Beautiful Mind,A Beautiful Mind,movie,"A mathematical genius, John Nash made an astonishing discovery early in his career and stood on the brink of international acclaim. But Nash soon found himself on a harrowing journey of self-discovery.",PG-13,"['Docudrama', 'Period Drama', 'Psychological Drama', 'Biography', 'Drama', 'Mystery']"
Howl's Moving Castle,Hauru no ugoku shiro,movie,"When an unconfident young woman is cursed with an old body by a spiteful witch, her only chance of breaking the spell lies with a self-indulgent yet insecure young wizard and his companions in his legged, walking castle.",PG,"['Japanese', 'Adventure Epic', 'Anime', 'Epic', 'Fantasy Epic', 'Hand-Drawn Animation', 'Supernatural Fantasy', 'Adventure', 'Animation', 'Family']"
The Treasure of the Sierra Madre,The Treasure of the Sierra Madre,movie,Two down-on-their-luck Americans searching for work in 1920s Mexico convince an old prospector to help them mine for gold in the Sierra Madre Mountains.,Approved,"['Tragedy', 'Adventure', 'Drama', 'Western']"
Finding Nemo,Finding Nemo,movie,"After his son is captured in the Great Barrier Reef and taken to Sydney, a timid clownfish sets out on a journey to bring him home.",G,"['Animal Adventure', 'Buddy Comedy', 'Computer Animation', 'Quest', 'Sea Adventure', 'Adventure', 'Animation', 'Comedy', 'Family']"
Klaus,Klaus,movie,"A simple act of kindness always sparks another, even in a frozen, faraway place. When Smeerensburg's new postman, Jesper, befriends toymaker Klaus, their gifts melt an age-old feud and deliver a sleigh full of holiday traditions.",PG,"['Hand-Drawn Animation', 'Holiday Animation', 'Holiday Comedy', 'Holiday Family', 'Adventure', 'Animation', 'Comedy', 'Family', 'Fantasy', 'Holiday']"
Yojimbo,Yôjinbô,movie,A crafty ronin comes to a town divided by two criminal gangs and decides to play them against each other to free the town.,Not Rated,"['Japanese', 'One-Person Army Action', 'Period Drama', 'Psychological Thriller', 'Samurai', 'Action', 'Drama', 'Thriller']"
The Elephant Man,The Elephant Man,movie,"A Victorian surgeon rescues a heavily-disfigured and mistreated young man working as a sideshow freak, who gradually reveals his capacity for kindness, intelligence and sophistication.",PG,"['Docudrama', 'Period Drama', 'Psychological Drama', 'Tragedy', 'Biography', 'Drama']"
The Great Escape,The Great Escape,movie,Allied officers in a German POW camp during World War II make a daring plan for a mass escape.,Approved,"['Epic', 'Period Drama', 'Prison Drama', 'War Epic', 'Adventure', 'Drama', 'Thriller', 'War']"
Demon Slayer: Kimetsu No Yaiba Infinity Castle,Gekijô-ban Kimetsu no Yaiba Mugen Jô-hen,movie,"The Demon Slayer Corps are drawn into the Infinity Castle, where Tanjiro and the Hashira face terrifying Upper Rank demons in a desperate fight as the final battle against Muzan Kibutsuji begins.",R,"['Japanese', 'Adult Animation', 'Anime', 'Dark Fantasy', 'Hand-Drawn Animation', 'Shōnen', 'Supernatural Fantasy', 'Sword & Sorcery', 'Action', 'Adventure']"
Monty Python and the Holy Grail,Monty Python and the Holy Grail,movie,"King Arthur and his Knights of the Round Table embark on a surreal, low-budget search for the Holy Grail, encountering many, very silly obstacles.",PG,"['Farce', 'Parody', 'Quest', 'Satire', 'Sketch Comedy', 'Slapstick', 'Sword & Sorcery', 'Adventure', 'Comedy', 'Fantasy']"
Dial M for Murder,Dial M for Murder,movie,"A London playboy plots the perfect murder of his rich, unfaithful wife.",PG,"['Crime', 'Drama', 'Mystery', 'Thriller']"
The Secret in Their Eyes,El secreto de sus ojos,movie,A retired legal counselor writes a novel hoping to find closure for one of his past unresolved homicide cases and for his unreciprocated love with his superior--both of which still haunt him decades later.,R,"['Spanish', 'Dark Romance', 'Legal Thriller', 'Period Drama', 'Psychological Drama', 'Psychological Thriller', 'Suspense Mystery', 'Tragedy', 'Whodunnit', 'Drama']"
Gone with the Wind,Gone with the Wind,movie,A sheltered and manipulative Southern belle and a roguish profiteer face off in a turbulent romance as the society around them crumbles with the end of slavery and is rebuilt during the Civil War and Reconstruction periods.,G,"['Costume Drama', 'Epic', 'Period Drama', 'Psychological Drama', 'Romantic Epic', 'Tragic Romance', 'War Epic', 'Drama', 'Romance', 'War']"
"Lock, Stock and Two Smoking Barrels","Lock, Stock and Two Smoking Barrels",movie,"When four small-time criminals lose a rigged poker game against a London kingpin, he gives them one week to settle their enormous debt.",R,"['Caper', 'Dark Comedy', 'Farce', 'Gangster', 'Heist', 'Comedy', 'Crime']"
Chinatown,Chinatown,movie,"A private detective hired to expose an adulterer in 1930s Los Angeles finds himself caught up in a web of deceit, corruption, and murder.",R,"['Conspiracy Thriller', 'Hard-boiled Detective', 'Period Drama', 'Psychological Drama', 'Psychological Thriller', 'Tragedy', 'Drama', 'Mystery', 'Thriller']"
The Best of Youth,La meglio gioventù,movie,An Italian epic that follows the lives of two brothers from the 1960s to the 2000s.,R,"['Italian', 'Epic', 'Drama', 'Romance']"
V for Vendetta,V for Vendetta,movie,A young woman living in a dystopian society meets a shadowy freedom fighter who is plotting to overthrow their tyrannical government.,R,"['Action Epic', 'Dystopian Sci-Fi', 'Epic', 'Political Drama', 'Political Thriller', 'Psychological Thriller', 'Sci-Fi Epic', 'Superhero', 'Action', 'Drama']"
Catch Me If You Can,Catch Me If You Can,movie,"A runaway teenager lives an exciting life by forging checks and impersonating several professions, but his fraudulent activities soon attract the attention of the FBI.",PG-13,"['Caper', 'Coming-of-Age', 'Docudrama', 'Globetrotting Adventure', 'Period Drama', 'True Crime', 'Biography', 'Crime', 'Drama']"
Inside Out,Inside Out,movie,"After a young girl is uprooted from her Midwest life and moved to San Francisco, her emotions conflict on how best to navigate her new reality.",PG,"['Coming-of-Age', 'Computer Animation', 'High-Concept Comedy', 'Psychological Drama', 'Adventure', 'Animation', 'Comedy', 'Drama', 'Family', 'Fantasy']"
Trainspotting,Trainspotting,movie,"Renton, deeply immersed in the Edinburgh drug scene, tries to clean up and get out despite the allure of drugs and the influence of friends.",R,"['Caper', 'Dark Comedy', 'Drug Crime', 'Psychological Drama', 'Crime', 'Drama']"
"Three Billboards Outside Ebbing, Missouri","Three Billboards Outside Ebbing, Missouri",movie,A mother personally challenges the local authorities to solve her daughter's murder when they fail to catch the culprit.,R,"['Dark Comedy', 'Psychological Drama', 'Satire', 'Comedy', 'Crime', 'Drama']"
Rashomon,Rashômon,movie,Three parties and a witness have four versions of a rape/murder in ninth-century Japan.,Not Rated,"['Japanese', 'Period Drama', 'Crime', 'Drama', 'Mystery']"
Dead Poets Society,Dead Poets Society,movie,"Maverick teacher John Keating returns in 1959 to the prestigious New England boys' boarding school where he was once a star student, using poetry to embolden his pupils to new heights of self-expression.",PG,"['Coming-of-Age', 'Psychological Drama', 'Teen Drama', 'Comedy', 'Drama']"
The Bridge on the River Kwai,The Bridge on the River Kwai,movie,"British POWs are forced to build a railway bridge across the river Kwai for their Japanese captors in occupied Burma, not knowing that the allied forces are planning a daring commando raid through the jungle to destroy it.",PG,"['Jungle Adventure', 'War Epic', 'Adventure', 'Drama', 'War']"
Harry Potter and the Deathly Hallows: Part 2,Harry Potter and the Deathly Hallows: Part 2,movie,"Harry, Ron and Hermione set out on a quest to eliminate the remaining horcruxes. On the other hand, the students and teachers must unite to defend Hogwarts against Lord Voldemort and his army.",PG-13,"['Harry Potter', 'Adventure Epic', 'Coming-of-Age', 'Dark Fantasy', 'Fantasy Epic', 'Sword & Sorcery', 'Teen Adventure', 'Teen Fantasy', 'Adventure', 'Family']"
The Wild Robot,The Wild Robot,movie,A sentient robot stranded on an uninhabited island raises an orphaned gosling while trying to fit in with the local wildlife.,PG,"['Animal Adventure', 'Artificial Intelligence', 'Computer Animation', 'Psychological Drama', 'Survival', 'Adventure', 'Animation', 'Family', 'Sci-Fi']"
Barry Lyndon,Barry Lyndon,movie,An Irish rogue wins the heart of a rich widow and assumes her dead husband's aristocratic position in 18th-century England.,PG,"['Adventure Epic', 'Costume Drama', 'Dark Comedy', 'Epic', 'Globetrotting Adventure', 'Period Drama', 'Psychological Drama', 'Tragedy', 'Adventure', 'Drama']"
Ben-Hur,Ben-Hur,movie,"A Jewish prince is betrayed and sent into slavery by a Roman friend in 1st-century Jerusalem, but it's not long before he regains his freedom and comes back for revenge.",G,"['Adventure Epic', 'Costume Drama', 'Epic', 'Period Drama', 'Sword & Sandal', 'Adventure', 'Drama']"
Warrior,Warrior,movie,"The youngest son of an alcoholic former boxer returns home, where he's trained by his father for competition in a mixed martial arts tournament - a path that puts the fighter on a collision course with his estranged, older brother.",PG-13,"['Boxing', 'Action', 'Drama', 'Sport']"
Fargo,Fargo,movie,A car salesman's inept crime falls apart due to his and his henchmen's bungling and the persistent police work of a dogged detective.,R,"['Cop Drama', 'Dark Comedy', 'Police Procedural', 'Psychological Thriller', 'Tragedy', 'Crime', 'Drama', 'Thriller']"
Hacksaw Ridge,Hacksaw Ridge,movie,"World War II American Army Medic Desmond T. Doss, serving during the Battle of Okinawa, refuses to kill people and becomes the first man in American history to receive the Medal of Honor without firing a shot.",R,"['Docudrama', 'Epic', 'Period Drama', 'Psychological Drama', 'War Epic', 'Biography', 'Drama', 'History', 'War']"
Million Dollar Baby,Million Dollar Baby,movie,"Frankie, an ill-tempered old coach, reluctantly agrees to train aspiring boxer Maggie. Impressed with her determination and talent, he helps her become the best and the two soon form a close bond.",PG-13,"['Boxing', 'Psychological Drama', 'Tragedy', 'Drama', 'Sport']"
Mad Max: Fury Road,Mad Max: Fury Road,movie,"In a post-apocalyptic wasteland, a woman rebels against a tyrannical ruler in search for her homeland with the aid of a group of female prisoners, a psychotic worshipper and a drifter named Max.",R,"['Action Epic', 'Adventure Epic', 'Car Action', 'Desert Adventure', 'Dystopian Sci-Fi', 'Epic', 'Quest', 'Road Trip', 'Sci-Fi Epic', 'Action']"
Children of Heaven,Bacheha-ye aseman,movie,"After a boy loses his sister's pair of shoes, he goes on a series of adventures in order to find them. When he can't, he tries a new way to ""win"" a new pair.",PG,"['Persian', 'Drama', 'Family', 'Sport']"
My Neighbor Totoro,Tonari no Totoro,movie,"When two girls move to the country to be near their ailing mother, they have adventures with the wondrous forest spirits who live nearby.",G,"['Japanese', 'Anime', 'Fairy Tale', 'Hand-Drawn Animation', 'Iyashikei', 'Supernatural Fantasy', 'Adventure', 'Animation', 'Comedy', 'Family']"
Raging Bull,Raging Bull,movie,"The life of boxer Jake LaMotta, whose violence and temper that led him to the top in the ring destroyed his life outside of it.",R,"['Boxing', 'Docudrama', 'Period Drama', 'Psychological Drama', 'Biography', 'Drama', 'Sport']"
Ratatouille,Ratatouille,movie,A rat who can cook makes an unusual alliance with a young kitchen worker at a famous Paris restaurant.,G,"['Animal Adventure', 'Buddy Comedy', 'Computer Animation', 'High-Concept Comedy', 'Quirky Comedy', 'Satire', 'Adventure', 'Animation', 'Comedy', 'Family']"
Gran Torino,Gran Torino,movie,"After a Hmong teenager tries to steal his prized 1972 Gran Torino, a disgruntled, prejudiced Korean War veteran seeks to redeem both the boy and himself.",R,"['Dark Comedy', 'Psychological Drama', 'Drama']"
12 Years a Slave,12 Years a Slave,movie,"In the antebellum United States, Solomon Northup, a free black man from upstate New York, is abducted and sold into slavery.",R,"['Costume Drama', 'Docudrama', 'Epic', 'Period Drama', 'Psychological Drama', 'Tragedy', 'Biography', 'Drama', 'History']"
The Grand Budapest Hotel,The Grand Budapest Hotel,movie,"A writer encounters the owner of an aging high-class hotel, who tells him of his early years serving as a lobby boy in the hotel's glorious years under an exceptional concierge.",R,"['Period Drama', 'Quirky Comedy', 'Comedy', 'Drama']"
Memories of Murder,Salinui chueok,movie,"In a small Korean province in 1986, two detectives struggle with the case of multiple young women being found raped and murdered by an unknown culprit.",Not Rated,"['Korean', 'Dark Comedy', 'Police Procedural', 'Psychological Drama', 'Psychological Thriller', 'Serial Killer', 'True Crime', 'Crime', 'Drama', 'Mystery']"
How to Train Your Dragon,How to Train Your Dragon,movie,"A hapless young Viking who aspires to hunt dragons becomes the unlikely friend of a young dragon himself, and learns there may be more to the creatures than he assumed.",PG,"['Animal Adventure', 'Coming-of-Age', 'Computer Animation', 'Epic', 'Fantasy Epic', 'Sword & Sorcery', 'Teen Adventure', 'Teen Fantasy', 'Action', 'Adventure']"
Before Sunrise,Before Sunrise,movie,"A young man and woman meet on a train in Europe, and wind up spending one evening together in Vienna. Unfortunately, both know that this will probably be their only night together.",R,"['Romantic Comedy', 'Tragic Romance', 'Comedy', 'Drama', 'Romance']"
Blade Runner,Blade Runner,movie,A blade runner must pursue and terminate four replicants who stole a ship in space and have returned to Earth to find their creator.,R,"['Blade Runner', 'Artificial Intelligence', 'Cyber Thriller', 'Cyberpunk', 'Dystopian Sci-Fi', 'Psychological Drama', 'Psychological Thriller', 'Tragedy', 'Action', 'Drama']"
"Monsters, Inc.","Monsters, Inc.",movie,Two monsters whose job is to make human children scream accidentally let a little girl into their world and must now protect her from their own kind to return her home unscathed.,G,"['Buddy Comedy', 'Computer Animation', 'Dark Comedy', 'Farce', 'High-Concept Comedy', 'Satire', 'Slapstick', 'Supernatural Fantasy', 'Urban Adventure', 'Adventure']"
Gone Girl,Gone Girl,movie,The husband of a missing woman becomes the main suspect in her disappearance.,R,"['Erotic Thriller', 'Psychological Drama', 'Psychological Thriller', 'Suspense Mystery', 'Tragedy', 'Whodunnit', 'Drama', 'Mystery', 'Thriller']"
Spider-Man: No Way Home,Spider-Man: No Way Home,movie,"With Spider-Man's identity now revealed, Peter asks Doctor Strange for help. When a spell goes wrong, dangerous foes from other worlds start to appear.",PG-13,"['Marvel', 'Action Epic', 'Adventure Epic', 'Fantasy Epic', 'Sci-Fi Epic', 'Superhero', 'Urban Adventure', 'Action', 'Adventure', 'Fantasy']"
Jaws,Jaws,movie,"When a massive killer shark unleashes chaos on a beach community off Long Island, it's up to the local police chief, a marine biologist, and an old seafarer to hunt the beast down.",PG,"['Disaster', 'Monster Horror', 'Sea Adventure', 'Survival', 'Adventure', 'Drama', 'Horror', 'Thriller']"
Ford v Ferrari,Ford v Ferrari,movie,American car designer Carroll Shelby and driver Ken Miles battle corporate interference and the laws of physics to build a revolutionary race car for Ford in order to defeat Ferrari at the 24 Hours of Le Mans in 1966.,PG-13,"['Car Action', 'Docudrama', 'Motorsport', 'Period Drama', 'Action', 'Biography', 'Drama', 'Sport']"
In the Name of the Father,In the Name of the Father,movie,"An Irish man's coerced confession to an I.R.A. bombing he did not commit results in the imprisonment of his father as well. Meanwhile, a British lawyer fights to clear their names and free them.",R,"['Docudrama', 'Legal Drama', 'Period Drama', 'Political Drama', 'Prison Drama', 'Tragedy', 'True Crime', 'Biography', 'Crime', 'Drama']"
Wild Tales,Relatos salvajes,movie,Six short stories that explore the extremities of human behavior involving people in distress.,R,"['Spanish', 'Dark Comedy', 'Psychological Drama', 'Psychological Thriller', 'Satire', 'Comedy', 'Drama', 'Thriller']"
The Gold Rush,The Gold Rush,movie,"A prospector goes to the Klondike during the 1890s gold rush in hopes of making his fortune, and is smitten with a girl he sees in a dance hall.",Approved,"['Farce', 'Feel-Good Romance', 'Romantic Comedy', 'Satire', 'Slapstick', 'Adventure', 'Comedy', 'Drama', 'Romance', 'Western']"
Sherlock Jr.,Sherlock Jr.,movie,"A film projectionist longs to be a detective, and puts his meagre skills to work when he is framed by a rival for stealing his girlfriend's father's pocketwatch.",Passed,"['Bumbling Detective', 'Farce', 'Feel-Good Romance', 'Satire', 'Slapstick', 'Action', 'Comedy', 'Romance']"
Mary and Max,Mary and Max.,movie,"In 1976 Melbourne, a lonely 8-year-old girl strikes up a correspondence with an unlikely pen pal: a severely obese 44-year-old New Yorker with Asperger's syndrome.",Not Rated,"['Adult Animation', 'Coming-of-Age', 'Dark Comedy', 'Period Drama', 'Psychological Drama', 'Stop Motion Animation', 'Animation', 'Comedy', 'Drama']"
The Chaos Class Failed the Class,Hababam Sinifi: Sinifta Kaldi,movie,"A group of students have failed their exams and must return for another year. Distracting them all is a new young female teacher, who they try out their usual tricks on.",,"['Turkish', 'Satire', 'Comedy']"
The Deer Hunter,The Deer Hunter,movie,The lives of a group of friends are forever changed by the Vietnam War.,R,"['Epic', 'Psychological Drama', 'Tragedy', 'War Epic', 'Drama', 'War']"
The Wages of Fear,Le salaire de la peur,movie,"In a decrepit South American village, four men are hired to transport an urgent nitroglycerine shipment without the equipment that would make it safe.",Not Rated,"['French', 'Psychological Drama', 'Survival', 'Adventure', 'Drama', 'Thriller']"
The General,The General,movie,"After being rejected by the Confederate military, not realizing it was due to his crucial civilian role, an engineer must single-handedly recapture his beloved locomotive after it is seized by Union spies and return it through enemy lines.",Passed,"['Farce', 'Slapstick', 'Action', 'Adventure', 'Comedy', 'Drama', 'War']"
Rocky,Rocky,movie,A small-time Philadelphia boxer gets a supremely rare chance to fight the world heavyweight champion in a bout in which he strives to go the distance for his self-respect.,PG,"['Boxing', 'Drama', 'Sport']"
Logan,Logan,movie,"In a future where mutants are nearly extinct, an elderly and weary Logan leads a quiet life. But when Laura, a mutant child pursued by scientists, comes to him for help, he must get her to safety.",R,"['Marvel', 'Contemporary Western', 'Dystopian Sci-Fi', 'Psychological Drama', 'Psychological Thriller', 'Quest', 'Road Trip', 'Superhero', 'Tragedy', 'Action']"
A Silent Voice: The Movie,Koe no katachi,movie,"A deaf girl, Shoko, is bullied by the popular Shoya. As Shoya continues to bully Shoko, the class turns its back on him. Shoko transfers and Shoya grows up as an outcast. Alone and depressed, the regretful Shoya finds Shoko to make amends.",Not Rated,"['Japanese', 'Adult Animation', 'Anime', 'Coming-of-Age', 'Hand-Drawn Animation', 'Psychological Drama', 'Shōnen', 'Slice of Life', 'Animation', 'Drama']"
Chainsaw Man - The Movie: Reze Arc,Gekijô-ban Chensô Man Reze-hen,movie,"A direct sequel to the first season of the series ""Chainsaw Man"", featuring Denji, a young man who co-exists with a chainsaw demon. Denji encounters a new romantic interest, but will his involvement place them both in danger?",R,"['Japanese', 'Adult Animation', 'Anime', 'Dark Comedy', 'Dark Fantasy', 'Dark Romance', 'Hand-Drawn Animation', 'Shōnen', 'Supernatural Fantasy', 'Teen Fantasy']"
Pirates of the Caribbean: The Curse of the Black Pearl,Pirates of the Caribbean: The Curse of the Black Pearl,movie,An intrepid blacksmith teams up with an eccentric pirate captain to save his love from an undead pirate crew.,PG-13,"['Action Epic', 'Adventure Epic', 'Dark Fantasy', 'Epic', 'Fantasy Epic', 'Sea Adventure', 'Supernatural Fantasy', 'Swashbuckler', 'Action', 'Adventure']"
Mr. Smith Goes to Washington,Mr. Smith Goes to Washington,movie,"A naive youth leader is appointed to fill a vacancy in the U.S. Senate. His idealistic plans promptly collide with corruption at home and subterfuge from his hero in Washington, but he tries to forge ahead despite attacks on his character.",Approved,"['Political Drama', 'Comedy', 'Drama']"
Tokyo Story,Tôkyô monogatari,movie,"An old couple visit their children and grandchildren in the city, but receive little attention.",Not Rated,"['Japanese', 'Psychological Drama', 'Drama']"
La haine,La Haine,movie,24 hours in the lives of three young men in the French suburbs the day after a violent riot.,Not Rated,"['French', 'Gangster', 'Psychological Drama', 'Crime', 'Drama']"
Spotlight,Spotlight,movie,"The true story of how the Boston Globe uncovered the massive scandal of child molestation and cover-up within the local Catholic Archdiocese, shaking the entire Catholic Church to its core.",R,"['Docudrama', 'Legal Drama', 'Period Drama', 'Psychological Drama', 'True Crime', 'Workplace Drama', 'Biography', 'Crime', 'Drama']"
On the Waterfront,On the Waterfront,movie,"An ex-prize fighter turned New Jersey longshoreman struggles to stand up to his corrupt union bosses, including his older brother, as he starts to connect with the grieving sister of one of the syndicate's victims.",Approved,"['Legal Drama', 'Legal Thriller', 'Tragedy', 'Crime', 'Drama', 'Thriller']"
The Sound of Music,The Sound of Music,movie,A young novice is sent by her convent in 1930s Austria to become a governess to the seven children of a widowed naval officer.,G,"['Classic Musical', 'Epic', 'Period Drama', 'Biography', 'Drama', 'Family', 'Musical', 'Romance']"
Wild Strawberries,Smultronstället,movie,"After living a life marked by coldness, an aging professor is forced to confront the emptiness of his existence.",Not Rated,"['Swedish', 'Psychological Drama', 'Drama', 'Romance']"
Jai Bhim,Jai Bhim,movie,"When a tribal man is arrested for a case of alleged theft, his wife turns to a human-rights lawyer to help bring justice.",Approved,"['Tamil', 'Legal Drama', 'Crime', 'Drama']"
The Terminator,The Terminator,movie,A cyborg assassin from the future attempts to find and kill a young woman who is destined to give birth to a warrior that will lead a resistance to save humankind from extinction.,R,"['Terminator', 'Artificial Intelligence', 'Cyberpunk', 'Dystopian Sci-Fi', 'One-Person Army Action', 'Time Travel', 'Urban Adventure', 'Action', 'Adventure', 'Sci-Fi']"
Maharaja,Maharaja,movie,"A barber seeks vengeance after his home is burglarized, cryptically telling police his ""lakshmi"" has been taken, leaving them uncertain if it's a person or object. His quest to recover the elusive ""lakshmi"" unfolds.",,"['Tamil', 'One-Person Army Action', 'Action', 'Crime', 'Drama', 'Thriller']"
The Third Man,The Third Man,movie,"Pulp novelist Holly Martins travels to shadowy, mystifying post-war Vienna only to find himself investigating the mysterious sudden death of old friend Harry Lime.",Approved,"['Film Noir', 'Hard-boiled Detective', 'Psychological Thriller', 'Spy', 'Whodunnit', 'Drama', 'Mystery', 'Thriller']"
The Best Years of Our Lives,The Best Years of Our Lives,movie,Three WWII veterans return home forever changed and find it difficult to adjust to their new realities.,Approved,"['Epic', 'Feel-Good Romance', 'Romantic Epic', 'War Epic', 'Drama', 'Romance', 'War']"
The Big Lebowski,The Big Lebowski,movie,"Jeff ""The Dude"" Lebowski, mistaken for a millionaire of the same name, seeks restitution for his ruined rug and enlists his bowling buddies to help get it.",R,"['Buddy Comedy', 'Drug Crime', 'Satire', 'Stoner Comedy', 'Comedy', 'Crime']"
Before Sunset,Before Sunset,movie,"Nine years after Jesse and Celine first met, they encounter each other again on the French leg of Jesse's book tour.",R,"['Feel-Good Romance', 'Drama', 'Romance']"
The Incredibles,The Incredibles,movie,"While trying to lead a quiet suburban life, a family of undercover superheroes are forced into action to save the world.",PG,"['Action Epic', 'Adventure Epic', 'Computer Animation', 'Superhero', 'Urban Adventure', 'Action', 'Adventure', 'Animation', 'Family']"
Room,Room,movie,"A little boy is held captive in a room with his mother since his birth, so he has never known the world outside.",R,"['Psychological Drama', 'Drama', 'Thriller']"
Hachi: A Dog's Tale,Hachi: A Dog's Tale,movie,"Professor Wilson discovers a lost Akita puppy on his way home. Despite objections from his wife, Hachi endears himself to the family and grows to be Parker's loyal companion. As their bond grows deeper, a beautiful relationship unfolds.",G,"['Animal Adventure', 'Biography', 'Drama', 'Family']"
The Seventh Seal,Det sjunde inseglet,movie,"A knight returning to Sweden after the Crusades seeks answers about life, death, and the existence of God as he plays chess against the Grim Reaper during the Black Plague.",Not Rated,"['Swedish', 'Dark Comedy', 'Period Drama', 'Psychological Drama', 'Drama', 'Fantasy']"
Hotel Rwanda,Hotel Rwanda,movie,"Paul Rusesabagina, a hotel manager, houses over a thousand Tutsi refugees during their struggle against the Hutu militia in Rwanda, Africa.",PG-13,"['Docudrama', 'Epic', 'Psychological Drama', 'Biography', 'Drama', 'History', 'War']"
Platoon,Platoon,movie,"Chris Taylor, a neophyte recruit in Vietnam, finds himself caught in a battle of wills between two sergeants, one good and the other evil. A shrewd examination of the brutality of war and the duality of man in conflict.",R,"['Docudrama', 'Epic', 'Jungle Adventure', 'Period Drama', 'Psychological Drama', 'Tragedy', 'War Epic', 'Drama', 'War']"
The Exorcist,The Exorcist,movie,"When a mysterious entity possesses a young girl, her mother seeks the help of two Catholic priests to save her life.",R,"['Body Horror', 'Psychological Drama', 'Psychological Horror', 'Supernatural Horror', 'Tragedy', 'Horror']"
The Iron Giant,The Iron Giant,movie,A young boy befriends a giant robot from outer space that a paranoid government agent wants to destroy.,PG,"['Artificial Intelligence', 'Buddy Comedy', 'Hand-Drawn Animation', 'Period Drama', 'Action', 'Adventure', 'Animation', 'Comedy', 'Drama', 'Family']"
Rush,Rush,movie,"James Hunt and Niki Lauda, two extremely skilled Formula One racers, have an intense rivalry with each other. However, it is their enmity that pushes them to their limits.",R,"['Docudrama', 'Motorsport', 'Period Drama', 'Biography', 'Drama', 'Sport']"
The Wizard of Oz,The Wizard of Oz,movie,"Young Dorothy Gale and her dog Toto are swept away by a tornado from their Kansas farm to the magical Land of Oz and embark on a quest with three new friends to see the Wizard, who can return her to her home and fulfill the others' wishes.",G,"['Adventure Epic', 'Classic Musical', 'Fairy Tale', 'Fantasy Epic', 'Quest', 'Adventure', 'Family', 'Fantasy', 'Musical']"
Stand by Me,Stand by Me,movie,A writer recounts a childhood journey with his friends to view the body of a boy who went missing in the woods.,R,"['Coming-of-Age', 'Dark Comedy', 'Psychological Drama', 'Quest', 'Adventure', 'Drama']"
The Battle of Algiers,La battaglia di Algeri,movie,"In the 1950s, fear and violence escalate as the people of Algiers fight for independence from the French government.",Not Rated,"['Arabic', 'Docudrama', 'Political Drama', 'Drama', 'War']"
My Father and My Son,Babam ve Oglum,movie,The family of a left-wing journalist is torn apart after the military coup of Turkey in 1980.,Not Rated,"['Turkish', 'Coming-of-Age', 'Political Drama', 'Psychological Drama', 'Drama']"
The Passion of Joan of Arc,La passion de Jeanne d'Arc,movie,"In 1431, Jeanne d'Arc is placed on trial on charges of heresy, and the ecclesiastical jurists attempt to force her to recant her claims of holy visions.",Passed,"['Costume Drama', 'Legal Drama', 'Period Drama', 'Psychological Drama', 'Tragedy', 'Biography', 'Drama', 'History']"
Obsession,Obsession,movie,"After breaking the mysterious ""One Wish Willow"" to win his crush's heart, a hopeless romantic finds himself getting exactly what he asked for but soon discovers that some desires come at a dark, sinister price.",R,"['Dark Romance', 'Psychological Horror', 'Psychological Thriller', 'Supernatural Horror', 'Horror', 'Romance', 'Thriller']"
The Handmaiden,Ah-ga-ssi,movie,"In 1930s Korea, a girl is hired as a handmaiden to a Japanese heiress who lives a secluded life on a countryside estate. But the maid has a secret: She is a pickpocket recruited by a swindler to help seduce the Lady and steal her fortune.",Not Rated,"['Korean', 'Dark Romance', 'Erotic Thriller', 'Psychological Thriller', 'Romantic Epic', 'Steamy Romance', 'Drama', 'Romance', 'Thriller']"
Drishyam,Drishyam,movie,A man goes to extreme lengths to save his family from punishment after the family commits an accidental crime.,Not Rated,"['Malayalam', 'Psychological Thriller', 'Suspense Mystery', 'Crime', 'Drama', 'Mystery', 'Thriller']"
Gangs of Wasseypur,Gangs of Wasseypur,movie,"A clash between Sultan and Shahid Khan leads to the expulsion of Khan from Wasseypur, and ignites a deadly blood feud spanning three generations.",Not Rated,"['Hindi', 'Dark Comedy', 'Gangster', 'Satire', 'True Crime', 'Action', 'Comedy', 'Crime', 'Drama', 'Thriller']"
